{"cameraMode":{"drawMode":0,"name":"Shaded","section":"Shading Mode"},"sceneLighting":true,"audioPlay":false,"sceneViewState":{"showFog":true,"showMaterialUpdate":false,"showSkybox":true,"showFlares":true,"showImageEffects":true,"showParticleSystems":true},"in2DMode":false,"pivot":{"x":207.3843536376953,"y":-99.94914245605469,"z":214.0503692626953},"rotation":{"x":-0.11946061998605728,"y":0.8269698023796082,"z":-0.5148051977157593,"w":-0.19190052151679994},"size":157.1981658935547,"orthographic":false}