{"cameraMode":{"drawMode":0,"name":"Shaded","section":"Shading Mode"},"sceneLighting":false,"audioPlay":false,"sceneViewState":{"showFog":true,"showMaterialUpdate":false,"showSkybox":true,"showFlares":true,"showImageEffects":true,"showParticleSystems":true},"in2DMode":false,"pivot":{"x":-341.1636962890625,"y":532.7151489257813,"z":149.07977294921876},"rotation":{"x":-0.3016851246356964,"y":-0.6965323686599731,"z":0.4892258942127228,"w":-0.429519385099411},"size":57.00122833251953,"orthographic":false}