{"cameraMode":{"drawMode":0,"name":"Shaded","section":"Shading Mode"},"sceneLighting":false,"audioPlay":false,"sceneViewState":{"showFog":true,"showMaterialUpdate":false,"showSkybox":true,"showFlares":true,"showImageEffects":true,"showParticleSystems":true},"in2DMode":false,"pivot":{"x":164.67739868164063,"y":1.1124534606933594,"z":251.34194946289063},"rotation":{"x":-0.24550345540046693,"y":0.7244625091552734,"z":-0.3172999620437622,"w":-0.5605380535125732},"size":4.041658401489258,"orthographic":false}