{"cameraMode":{"drawMode":0,"name":"Shaded","section":"Shading Mode"},"sceneLighting":true,"audioPlay":false,"sceneViewState":{"showFog":true,"showMaterialUpdate":false,"showSkybox":true,"showFlares":true,"showImageEffects":true,"showParticleSystems":true},"in2DMode":false,"pivot":{"x":22.646080017089845,"y":-107.78093719482422,"z":506.44384765625},"rotation":{"x":-0.20636530220508576,"y":0.1478671431541443,"z":-0.03156565874814987,"w":-0.9667224884033203},"size":273.47491455078127,"orthographic":false}