{"cameraMode":{"drawMode":0,"name":"Shaded","section":"Shading Mode"},"sceneLighting":false,"audioPlay":false,"sceneViewState":{"showFog":true,"showMaterialUpdate":false,"showSkybox":true,"showFlares":true,"showImageEffects":true,"showParticleSystems":true},"in2DMode":false,"pivot":{"x":158.10923767089845,"y":0.1599999964237213,"z":249.0151824951172},"rotation":{"x":-0.28973332047462466,"y":0.6573719382286072,"z":-0.3045237958431244,"w":-0.6254454255104065},"size":2.7694036960601808,"orthographic":false}