{"cameraMode":{"drawMode":0,"name":"Shaded","section":"Shading Mode"},"sceneLighting":true,"audioPlay":false,"sceneViewState":{"showFog":true,"showMaterialUpdate":false,"showSkybox":true,"showFlares":true,"showImageEffects":true,"showParticleSystems":true},"in2DMode":false,"pivot":{"x":89.49923706054688,"y":-77.28144073486328,"z":252.9161834716797},"rotation":{"x":-0.28973332047462466,"y":0.6573719382286072,"z":-0.3045237958431244,"w":-0.6254454255104065},"size":123.89976501464844,"orthographic":false}