{"cameraMode":{"drawMode":0,"name":"Shaded","section":"Shading Mode"},"sceneLighting":false,"audioPlay":false,"sceneViewState":{"showFog":true,"showMaterialUpdate":false,"showSkybox":true,"showFlares":true,"showImageEffects":true,"showParticleSystems":true},"in2DMode":false,"pivot":{"x":164.89581298828126,"y":0.318730890750885,"z":260.27154541015627},"rotation":{"x":-0.041580572724342349,"y":0.9508268237113953,"z":-0.2696230411529541,"w":-0.14663812518119813},"size":1.6812307834625245,"orthographic":false}