{"cameraMode":{"drawMode":0,"name":"Shaded","section":"Shading Mode"},"sceneLighting":false,"audioPlay":false,"sceneViewState":{"showFog":true,"showMaterialUpdate":false,"showSkybox":true,"showFlares":true,"showImageEffects":true,"showParticleSystems":true},"in2DMode":false,"pivot":{"x":164.89581298828126,"y":0.318730890750885,"z":260.27154541015627},"rotation":{"x":-0.041580576449632648,"y":0.95082688331604,"z":-0.2696230709552765,"w":-0.14663814008235932},"size":1.6812307834625245,"orthographic":false}