{"cameraMode":{"drawMode":0,"name":"Shaded","section":"Shading Mode"},"sceneLighting":false,"audioPlay":false,"sceneViewState":{"showFog":true,"showMaterialUpdate":false,"showSkybox":true,"showFlares":true,"showImageEffects":true,"showParticleSystems":true},"in2DMode":false,"pivot":{"x":108.07228088378906,"y":-6.435595512390137,"z":260.958740234375},"rotation":{"x":-0.26631540060043337,"y":0.6073042154312134,"z":-0.2267301231622696,"w":-0.7133380770683289},"size":18.690948486328126,"orthographic":false}